,Cn_real,Cn_imag,n
0,-0.9923401474952698,-0.04436683654785156,-400.0
1,-1.0521118640899658,-0.03992948681116104,-399.0
2,-1.0545313358306885,-0.06115001440048218,-398.0
3,-1.0777345895767212,-0.05580735579133034,-397.0
4,-1.1078461408615112,-0.06997817009687424,-396.0
5,-1.1106843948364258,-0.06930547207593918,-395.0
6,-1.1635022163391113,-0.08727165311574936,-394.0
7,-1.1593729257583618,-0.060296691954135895,-393.0
8,-1.1535862684249878,-0.06720524281263351,-392.0
9,-1.1730408668518066,-0.08116547018289566,-391.0
10,-1.1798648834228516,-0.07560552656650543,-390.0
11,-1.1947872638702393,-0.059560514986515045,-389.0
12,-1.166808009147644,-0.06599202007055283,-388.0
13,-1.158253788948059,-0.06048368662595749,-387.0
14,-1.1518135070800781,-0.047481194138526917,-386.0
15,-1.1497474908828735,-0.03777387738227844,-385.0
16,-1.1323151588439941,-0.03051929548382759,-384.0
17,-1.0968079566955566,-0.037098150700330734,-383.0
18,-1.0833079814910889,-0.015283653512597084,-382.0
19,-1.0393428802490234,-0.007506778929382563,-381.0
20,-1.0147243738174438,-0.004829805344343185,-380.0
21,-1.005385160446167,0.01501237228512764,-379.0
22,-0.9514725208282471,0.026903647929430008,-378.0
23,-0.9173299074172974,0.027632329612970352,-377.0
24,-0.8998766541481018,0.04691113159060478,-376.0
25,-0.8368985652923584,0.04933497682213783,-375.0
26,-0.8240302801132202,0.05876823514699936,-374.0
27,-0.7959497570991516,0.07167065143585205,-373.0
28,-0.7355173230171204,0.07711117714643478,-372.0
29,-0.7053831815719604,0.08260784298181534,-371.0
30,-0.6729958653450012,0.09209498018026352,-370.0
31,-0.6149232983589172,0.09789100289344788,-369.0
32,-0.5772419571876526,0.09707251191139221,-368.0
33,-0.5888690948486328,0.0979246273636818,-367.0
34,-0.5079641938209534,0.10394755005836487,-366.0
35,-0.5329710245132446,0.09953048825263977,-365.0
36,-0.48062846064567566,0.10141652822494507,-364.0
37,-0.4644159972667694,0.09557538479566574,-363.0
38,-0.44967424869537354,0.09364684671163559,-362.0
39,-0.41817358136177063,0.08881111443042755,-361.0
40,-0.39623987674713135,0.07442522048950195,-360.0
41,-0.3500211536884308,0.0648803859949112,-359.0
42,-0.3161327540874481,0.070187047123909,-358.0
43,-0.279481440782547,0.0670330747961998,-357.0
44,-0.316168874502182,0.04371732845902443,-356.0
45,-0.24880492687225342,0.04001094028353691,-355.0
46,-0.22573032975196838,0.0345003679394722,-354.0
47,-0.1838492453098297,0.02643796242773533,-353.0
48,-0.15629243850708008,0.02149108797311783,-352.0
49,-0.09613990783691406,0.005692031234502792,-351.0
50,-0.10426753014326096,-0.006160128861665726,-350.0
51,-0.059564411640167236,-0.007437992841005325,-349.0
52,-0.006204724311828613,-0.016811184585094452,-348.0
53,0.04812324419617653,-0.024569060653448105,-347.0
54,0.10144904255867004,-0.033639874309301376,-346.0
55,0.14665120840072632,-0.038740672171115875,-345.0
56,0.18470099568367004,-0.045161426067352295,-344.0
57,0.21722349524497986,-0.03955945745110512,-343.0
58,0.27487412095069885,-0.04308541864156723,-342.0
59,0.2852250039577484,-0.04881066083908081,-341.0
60,0.3167199492454529,-0.06031864881515503,-340.0
61,0.4041661322116852,-0.05446329712867737,-339.0
62,0.40183648467063904,-0.06874114274978638,-338.0
63,0.4776843190193176,-0.04950094223022461,-337.0
64,0.5061971545219421,-0.04100313410162926,-336.0
65,0.5370671153068542,-0.053550682961940765,-335.0
66,0.5767114162445068,-0.03744867444038391,-334.0
67,0.5634269118309021,-0.04746386408805847,-333.0
68,0.6306744813919067,-0.031954582780599594,-332.0
69,0.6066147685050964,-0.03475678339600563,-331.0
70,0.6904096007347107,-0.026910454034805298,-330.0
71,0.6937277317047119,-0.02434663102030754,-329.0
72,0.7356783747673035,-0.01670602336525917,-328.0
73,0.7226249575614929,-0.01236414723098278,-327.0
74,0.7851288318634033,-0.022332627326250076,-326.0
75,0.7499350309371948,-0.006388266570866108,-325.0
76,0.777404248714447,-0.006505612283945084,-324.0
77,0.8054901361465454,0.005212556570768356,-323.0
78,0.8142985105514526,0.004122567363083363,-322.0
79,0.8086133599281311,0.0011074617505073547,-321.0
80,0.8595447540283203,0.018265798687934875,-320.0
81,0.8720869421958923,0.02207748219370842,-319.0
82,0.8741044402122498,0.02466447278857231,-318.0
83,0.9144037365913391,0.030979551374912262,-317.0
84,0.9285843968391418,0.03655954450368881,-316.0
85,0.963547945022583,0.0374203585088253,-315.0
86,0.9630142450332642,0.0278586745262146,-314.0
87,0.9927281737327576,0.027676120400428772,-313.0
88,1.009141445159912,0.034849297255277634,-312.0
89,1.0328937768936157,0.04635341465473175,-311.0
90,1.030526876449585,0.028309840708971024,-310.0
91,1.0762628316879272,0.0302566010504961,-309.0
92,1.0939579010009766,0.021413618698716164,-308.0
93,1.0979928970336914,0.03602452576160431,-307.0
94,1.1328835487365723,0.025647107511758804,-306.0
95,1.1488035917282104,0.009097672998905182,-305.0
96,1.1891567707061768,0.021678337827324867,-304.0
97,1.2109416723251343,0.019847732037305832,-303.0
98,1.2421010732650757,0.00851282849907875,-302.0
99,1.2413054704666138,-0.004333123564720154,-301.0
100,1.219521403312683,-0.0046366676688194275,-300.0
101,1.2531596422195435,-0.00508134625852108,-299.0
102,1.2699859142303467,-0.016114655882120132,-298.0
103,1.2801011800765991,-0.020342707633972168,-297.0
104,1.3084111213684082,-0.02868855558335781,-296.0
105,1.2865931987762451,-0.01535068266093731,-295.0
106,1.2934772968292236,-0.03155011311173439,-294.0
107,1.3372116088867188,-0.029987800866365433,-293.0
108,1.3010354042053223,-0.04829493165016174,-292.0
109,1.3013888597488403,-0.047825321555137634,-291.0
110,1.2920621633529663,-0.05576637387275696,-290.0
111,1.308602213859558,-0.059491343796253204,-289.0
112,1.3082804679870605,-0.06153469905257225,-288.0
113,1.3002010583877563,-0.06678225100040436,-287.0
114,1.2677313089370728,-0.07397635281085968,-286.0
115,1.239766001701355,-0.0684581995010376,-285.0
116,1.271294355392456,-0.09200675785541534,-284.0
117,1.2592320442199707,-0.08197575807571411,-283.0
118,1.2641794681549072,-0.0789010301232338,-282.0
119,1.2424800395965576,-0.09210341423749924,-281.0
120,1.2507587671279907,-0.07788895070552826,-280.0
121,1.2456023693084717,-0.08930939435958862,-279.0
122,1.2563680410385132,-0.07676425576210022,-278.0
123,1.2239400148391724,-0.08346108347177505,-277.0
124,1.2426269054412842,-0.07307929545640945,-276.0
125,1.197370171546936,-0.06246407702565193,-275.0
126,1.1997408866882324,-0.06336914747953415,-274.0
127,1.1906155347824097,-0.05308383330702782,-273.0
128,1.1946295499801636,-0.044467438012361526,-272.0
129,1.2162871360778809,-0.05541309714317322,-271.0
130,1.198614239692688,-0.037139445543289185,-270.0
131,1.1783726215362549,-0.018225420266389847,-269.0
132,1.2000433206558228,-0.01447790116071701,-268.0
133,1.2050129175186157,-0.00010551378363743424,-267.0
134,1.175255298614502,0.006180606782436371,-266.0
135,1.1798666715621948,0.011314851231873035,-265.0
136,1.1842923164367676,0.01835976354777813,-264.0
137,1.1632468700408936,0.02803802117705345,-263.0
138,1.1826034784317017,0.024180646985769272,-262.0
139,1.1763041019439697,0.04873359203338623,-261.0
140,1.1456820964813232,0.048061128705739975,-260.0
141,1.1675032377243042,0.05830423906445503,-259.0
142,1.1598525047302246,0.06945766508579254,-258.0
143,1.1441935300827026,0.061194077134132385,-257.0
144,1.1511696577072144,0.06313285231590271,-256.0
145,1.1001194715499878,0.06907588988542557,-255.0
146,1.076778531074524,0.06538910418748856,-254.0
147,1.0917158126831055,0.07116874307394028,-253.0
148,1.0899776220321655,0.06835287809371948,-252.0
149,1.0435312986373901,0.061054423451423645,-251.0
150,1.016666054725647,0.06193085014820099,-250.0
151,1.0197800397872925,0.05256389081478119,-249.0
152,0.9659067988395691,0.04817753657698631,-248.0
153,0.9813041090965271,0.04054674506187439,-247.0
154,0.9414507150650024,0.04140149801969528,-246.0
155,0.960748016834259,0.0306968055665493,-245.0
156,0.9012706279754639,0.021675273776054382,-244.0
157,0.9107342958450317,0.01936233416199684,-243.0
158,0.8580998778343201,0.013418391346931458,-242.0
159,0.8709615468978882,0.007024399936199188,-241.0
160,0.8497190475463867,-0.002106490544974804,-240.0
161,0.8319817185401917,-0.014482393860816956,-239.0
162,0.7990615367889404,-0.026158791035413742,-238.0
163,0.7560915350914001,-0.03206641972064972,-237.0
164,0.7469971179962158,-0.04353182762861252,-236.0
165,0.7285045385360718,-0.038230352103710175,-235.0
166,0.7001883387565613,-0.03794778883457184,-234.0
167,0.6741739511489868,-0.041012298315763474,-233.0
168,0.6945672631263733,-0.035806190222501755,-232.0
169,0.6495402455329895,-0.027185671031475067,-231.0
170,0.6309530735015869,-0.03708243742585182,-230.0
171,0.6215154528617859,-0.048104334622621536,-229.0
172,0.591195821762085,-0.041179109364748,-228.0
173,0.5735870003700256,-0.036863189190626144,-227.0
174,0.49808618426322937,-0.037877846509218216,-226.0
175,0.4962148368358612,-0.036674801260232925,-225.0
176,0.4483414888381958,-0.029225867241621017,-224.0
177,0.4485921561717987,-0.02283543162047863,-223.0
178,0.4213661849498749,-0.013898408971726894,-222.0
179,0.3616463243961334,-0.021810241043567657,-221.0
180,0.3163241744041443,-0.010211149230599403,-220.0
181,0.31772753596305847,0.00416569784283638,-219.0
182,0.2906491458415985,0.00756689440459013,-218.0
183,0.24973684549331665,-0.0011674324050545692,-217.0
184,0.19729195535182953,0.01674645021557808,-216.0
185,0.14383120834827423,-0.008335176855325699,-215.0
186,0.1467156708240509,0.01915791444480419,-214.0
187,0.09520269930362701,0.01408308930695057,-213.0
188,0.06413787603378296,0.01780993677675724,-212.0
189,0.02480887435376644,0.01114601455628872,-211.0
190,0.00819392129778862,0.021293865516781807,-210.0
191,-0.010577119886875153,0.019379884004592896,-209.0
192,-0.02272840589284897,0.02195122465491295,-208.0
193,-0.08764950931072235,0.010974222794175148,-207.0
194,-0.10579507052898407,0.007466811686754227,-206.0
195,-0.15436913073062897,-0.0020233243703842163,-205.0
196,-0.17776533961296082,0.018761824816465378,-204.0
197,-0.20491206645965576,0.0013873055577278137,-203.0
198,-0.22134709358215332,-0.010577891021966934,-202.0
199,-0.2647436559200287,-0.024342266842722893,-201.0
200,-0.28342339396476746,-0.02272208221256733,-200.0
201,-0.32557177543640137,-0.023683056235313416,-199.0
202,-0.3604744076728821,-0.04230495169758797,-198.0
203,-0.37043270468711853,-0.02875427156686783,-197.0
204,-0.39872831106185913,-0.045332085341215134,-196.0
205,-0.42509275674819946,-0.03350308537483215,-195.0
206,-0.4467007517814636,-0.06046636402606964,-194.0
207,-0.4737396836280823,-0.041777294129133224,-193.0
208,-0.5433200001716614,-0.04895271360874176,-192.0
209,-0.5376141667366028,-0.049212679266929626,-191.0
210,-0.6101306676864624,-0.027890510857105255,-190.0
211,-0.6126181483268738,-0.026438312605023384,-189.0
212,-0.6027233600616455,-0.02837156131863594,-188.0
213,-0.6457473039627075,-0.036315932869911194,-187.0
214,-0.6662589311599731,-0.020380407571792603,-186.0
215,-0.6922316551208496,-0.020725175738334656,-185.0
216,-0.7224360108375549,-0.02150016278028488,-184.0
217,-0.7737097144126892,-0.004977785050868988,-183.0
218,-0.7831417322158813,-0.00716056115925312,-182.0
219,-0.8332946300506592,0.003056813031435013,-181.0
220,-0.8568881154060364,0.01229407824575901,-180.0
221,-0.9031940698623657,0.009593158960342407,-179.0
222,-0.953069806098938,0.013539542444050312,-178.0
223,-0.9515164494514465,0.03577104210853577,-177.0
224,-0.9935224652290344,0.027371857315301895,-176.0
225,-1.022560477256775,0.03574302792549133,-175.0
226,-1.0686798095703125,0.037415385246276855,-174.0
227,-1.1195472478866577,0.03189379349350929,-173.0
228,-1.11520516872406,0.03540555387735367,-172.0
229,-1.1555914878845215,0.04599650204181671,-171.0
230,-1.1800216436386108,0.04643474891781807,-170.0
231,-1.2212371826171875,0.029668495059013367,-169.0
232,-1.252219319343567,0.03347846120595932,-168.0
233,-1.2568053007125854,0.03427472338080406,-167.0
234,-1.2653560638427734,0.048203445971012115,-166.0
235,-1.2907415628433228,0.033759646117687225,-165.0
236,-1.3231810331344604,0.0447571761906147,-164.0
237,-1.342810034751892,0.036798954010009766,-163.0
238,-1.371799349784851,0.03251006826758385,-162.0
239,-1.384812355041504,0.03374423459172249,-161.0
240,-1.3843480348587036,0.030398333445191383,-160.0
241,-1.3947389125823975,0.01843595691025257,-159.0
242,-1.443397045135498,0.019425448030233383,-158.0
243,-1.433982253074646,-0.006484143435955048,-157.0
244,-1.4781980514526367,0.00249413400888443,-156.0
245,-1.4708809852600098,-0.0031531453132629395,-155.0
246,-1.4906128644943237,0.0032890718430280685,-154.0
247,-1.4999990463256836,0.002697531133890152,-153.0
248,-1.4918982982635498,-6.862170994281769e-05,-152.0
249,-1.5044405460357666,-0.014782775193452835,-151.0
250,-1.5415222644805908,-0.0048569440841674805,-150.0
251,-1.5070340633392334,-0.0027156881988048553,-149.0
252,-1.4983561038970947,0.012955641373991966,-148.0
253,-1.5451128482818604,0.00010611489415168762,-147.0
254,-1.53867506980896,-0.0024243630468845367,-146.0
255,-1.5451873540878296,0.007270447909832001,-145.0
256,-1.5487090349197388,0.004087556153535843,-144.0
257,-1.5391316413879395,0.0052917045541107655,-143.0
258,-1.515937089920044,-0.003034921595826745,-142.0
259,-1.5399949550628662,-0.003984643146395683,-141.0
260,-1.5662037134170532,-0.0032577328383922577,-140.0
261,-1.567626714706421,-0.002093486487865448,-139.0
262,-1.58578360080719,0.009559441357851028,-138.0
263,-1.5575625896453857,0.0153566375374794,-137.0
264,-1.540238618850708,0.011897417716681957,-136.0
265,-1.5537691116333008,0.022355034947395325,-135.0
266,-1.5533503293991089,0.03325160965323448,-134.0
267,-1.5555827617645264,0.03673728555440903,-133.0
268,-1.5250946283340454,0.013730214908719063,-132.0
269,-1.53440260887146,0.04102224111557007,-131.0
270,-1.530404806137085,0.044932350516319275,-130.0
271,-1.510039210319519,0.04122117906808853,-129.0
272,-1.4965943098068237,0.04488186538219452,-128.0
273,-1.4864696264266968,0.034115757793188095,-127.0
274,-1.4842355251312256,0.04562931880354881,-126.0
275,-1.4800645112991333,0.03690774366259575,-125.0
276,-1.4415571689605713,0.025436775758862495,-124.0
277,-1.4248991012573242,0.025241360068321228,-123.0
278,-1.4332637786865234,0.03240843489766121,-122.0
279,-1.4291163682937622,0.02174406871199608,-121.0
280,-1.3794937133789062,0.016865335404872894,-120.0
281,-1.4226807355880737,0.02416224405169487,-119.0
282,-1.3701426982879639,0.015009427443146706,-118.0
283,-1.3830616474151611,0.0022850502282381058,-117.0
284,-1.3583189249038696,0.011916592717170715,-116.0
285,-1.3169037103652954,-0.01772167533636093,-115.0
286,-1.3289759159088135,0.00408818107098341,-114.0
287,-1.3039040565490723,-0.006474107503890991,-113.0
288,-1.2782461643218994,-0.010141073726117611,-112.0
289,-1.2803267240524292,-0.017471157014369965,-111.0
290,-1.2447137832641602,-0.035446375608444214,-110.0
291,-1.2539725303649902,-0.04460684210062027,-109.0
292,-1.205609679222107,-0.04059014469385147,-108.0
293,-1.2288364171981812,-0.04524120315909386,-107.0
294,-1.1503013372421265,-0.0377822071313858,-106.0
295,-1.118408441543579,-0.05166495963931084,-105.0
296,-1.1321628093719482,-0.046789612621068954,-104.0
297,-1.0707049369812012,-0.06676039099693298,-103.0
298,-1.0520912408828735,-0.06695045530796051,-102.0
299,-1.037569522857666,-0.05871478468179703,-101.0
300,-1.0211949348449707,-0.06904624402523041,-100.0
301,-0.9577158093452454,-0.05208829045295715,-99.0
302,-0.9465907216072083,-0.07029365003108978,-98.0
303,-0.915644645690918,-0.057961661368608475,-97.0
304,-0.8839613199234009,-0.04834510385990143,-96.0
305,-0.8556031584739685,-0.04690152406692505,-95.0
306,-0.8475655913352966,-0.05447512865066528,-94.0
307,-0.7905814051628113,-0.04852954298257828,-93.0
308,-0.7432866096496582,-0.05275805667042732,-92.0
309,-0.7087104320526123,-0.04267720505595207,-91.0
310,-0.6813566088676453,-0.02914181724190712,-90.0
311,-0.6530711054801941,-0.043433547019958496,-89.0
312,-0.6152676939964294,-0.05552907660603523,-88.0
313,-0.5726823806762695,-0.039019420742988586,-87.0
314,-0.5258821845054626,-0.03282582014799118,-86.0
315,-0.47404971718788147,-0.0384976826608181,-85.0
316,-0.43619540333747864,-0.033025458455085754,-84.0
317,-0.42688629031181335,-0.042783986777067184,-83.0
318,-0.36724919080734253,-0.03732934966683388,-82.0
319,-0.3367046117782593,-0.033805880695581436,-81.0
320,-0.3032521605491638,-0.04195278882980347,-80.0
321,-0.2334834635257721,-0.06395445764064789,-79.0
322,-0.19533245265483856,-0.05166621133685112,-78.0
323,-0.14823277294635773,-0.053817711770534515,-77.0
324,-0.1457589864730835,-0.05171988904476166,-76.0
325,-0.07423752546310425,-0.0515575036406517,-75.0
326,-0.0309671051800251,-0.05540485307574272,-74.0
327,-0.005418878048658371,-0.0548069104552269,-73.0
328,0.03951892629265785,-0.06510324031114578,-72.0
329,0.0783829391002655,-0.0618443600833416,-71.0
330,0.13191954791545868,-0.05836915969848633,-70.0
331,0.18696030974388123,-0.051973648369312286,-69.0
332,0.21231140196323395,-0.048109278082847595,-68.0
333,0.2944079339504242,-0.053927645087242126,-67.0
334,0.3375484347343445,-0.04588807746767998,-66.0
335,0.354751855134964,-0.031063832342624664,-65.0
336,0.38378310203552246,-0.04024386405944824,-64.0
337,0.4310797154903412,-0.022948192432522774,-63.0
338,0.4768697917461395,-0.01833287626504898,-62.0
339,0.5271785259246826,-0.02756262943148613,-61.0
340,0.5409530401229858,-0.029019102454185486,-60.0
341,0.6247738599777222,-0.007198359817266464,-59.0
342,0.6465208530426025,-0.00245676189661026,-58.0
343,0.6570706367492676,-0.018684525042772293,-57.0
344,0.7128264307975769,-0.0067301588132977486,-56.0
345,0.744854211807251,-0.009464717470109463,-55.0
346,0.7889363765716553,-0.013508038595318794,-54.0
347,0.8385383486747742,-0.010104358196258545,-53.0
348,0.8882268667221069,0.008016549050807953,-52.0
349,0.9191896319389343,0.0007589496672153473,-51.0
350,0.9558113813400269,0.002002973109483719,-50.0
351,0.9919651746749878,-0.02364000678062439,-49.0
352,1.0391827821731567,0.00717882439494133,-48.0
353,1.0083438158035278,0.011078663170337677,-47.0
354,1.084194302558899,-0.021920155733823776,-46.0
355,1.144128680229187,-0.023350633680820465,-45.0
356,1.1491619348526,-0.013981107622385025,-44.0
357,1.1909117698669434,-0.0016253229696303606,-43.0
358,1.225300669670105,-0.011614663526415825,-42.0
359,1.279045820236206,-0.008235056884586811,-41.0
360,1.3053112030029297,-0.014104856178164482,-40.0
361,1.3109878301620483,-0.011703627184033394,-39.0
362,1.355837345123291,-0.005367026198655367,-38.0
363,1.3969981670379639,-0.023358024656772614,-37.0
364,1.3952487707138062,-0.0212186761200428,-36.0
365,1.4357339143753052,-0.025286179035902023,-35.0
366,1.5015714168548584,-0.011434350162744522,-34.0
367,1.500793218612671,-0.003328336402773857,-33.0
368,1.5468931198120117,-0.006602868437767029,-32.0
369,1.569006323814392,-0.02292531356215477,-31.0
370,1.578570008277893,0.011655276641249657,-30.0
371,1.598359227180481,0.0037274935748428106,-29.0
372,1.6674374341964722,-0.025881148874759674,-28.0
373,1.6575790643692017,-0.010274137370288372,-27.0
374,1.7265620231628418,-0.00702531635761261,-26.0
375,1.708167314529419,-0.005962353199720383,-25.0
376,1.7343988418579102,-0.03598710894584656,-24.0
377,1.736485481262207,-0.009898524731397629,-23.0
378,1.7606613636016846,-0.002774530090391636,-22.0
379,1.796639084815979,-0.04478954151272774,-21.0
380,1.8071335554122925,-0.021876664832234383,-20.0
381,1.8251224756240845,-0.019497614353895187,-19.0
382,1.8522827625274658,-0.02355165407061577,-18.0
383,1.849118947982788,0.01716185361146927,-17.0
384,1.871203899383545,0.008494405075907707,-16.0
385,1.9103107452392578,0.021060768514871597,-15.0
386,1.9257487058639526,-0.014132991433143616,-14.0
387,1.9190340042114258,0.002739686518907547,-13.0
388,1.9324712753295898,-0.01590576022863388,-12.0
389,1.9300222396850586,0.004218585789203644,-11.0
390,1.9624426364898682,-0.006335645914077759,-10.0
391,1.9717732667922974,-0.001127554103732109,-9.0
392,1.9444806575775146,0.0021781697869300842,-8.0
393,1.9679837226867676,-0.03768233209848404,-7.0
394,1.9865000247955322,-0.02461274340748787,-6.0
395,1.9663147926330566,-0.0021813330240547657,-5.0
396,1.998023509979248,0.032484717667102814,-4.0
397,1.9681768417358398,0.0008556786924600601,-3.0
398,1.9826130867004395,0.003490392118692398,-2.0
399,1.986914873123169,-0.02488352730870247,-1.0
400,1.9906598329544067,-0.013048699125647545,0.0
401,2.008206605911255,0.0015902873128652573,1.0
402,1.9906505346298218,0.007112016901373863,2.0
403,1.9755859375,0.009218532592058182,3.0
404,1.97610604763031,0.01395527645945549,4.0
405,1.9867957830429077,-0.008491948246955872,5.0
406,1.9878475666046143,0.018135685473680496,6.0
407,1.9717766046524048,-0.01137749943882227,7.0
408,1.969690203666687,-0.006816389039158821,8.0
409,1.9510560035705566,-0.010395325720310211,9.0
410,1.9502331018447876,-0.004203485324978828,10.0
411,1.948716163635254,0.009437558241188526,11.0
412,1.9357975721359253,-0.014461640268564224,12.0
413,1.9249850511550903,0.01796133443713188,13.0
414,1.9089182615280151,0.0025328081101179123,14.0
415,1.877138376235962,-0.013761751353740692,15.0
416,1.8747504949569702,-0.013580268248915672,16.0
417,1.8706363439559937,0.007127819582819939,17.0
418,1.8509687185287476,0.02285749278962612,18.0
419,1.8048337697982788,-0.014771806076169014,19.0
420,1.8270999193191528,-0.02717749774456024,20.0
421,1.7963178157806396,-0.010623805224895477,21.0
422,1.780880093574524,0.034008175134658813,22.0
423,1.7839221954345703,-0.004476476460695267,23.0
424,1.7178457975387573,-0.0010460603516548872,24.0
425,1.7217738628387451,-0.0008850432932376862,25.0
426,1.7000797986984253,0.014861494302749634,26.0
427,1.6581579446792603,0.021016031503677368,27.0
428,1.635745644569397,0.018378231674432755,28.0
429,1.6314597129821777,0.01916033960878849,29.0
430,1.57095468044281,0.008516272529959679,30.0
431,1.5808632373809814,-0.00444698054343462,31.0
432,1.5320488214492798,-0.008711211383342743,32.0
433,1.5073472261428833,-0.0065086111426353455,33.0
434,1.4851350784301758,-0.006711297668516636,34.0
435,1.4551945924758911,0.016694040969014168,35.0
436,1.404658317565918,-0.021018052473664284,36.0
437,1.3827558755874634,0.015312794595956802,37.0
438,1.3462445735931396,0.03651005029678345,38.0
439,1.3145180940628052,0.013391517102718353,39.0
440,1.2594592571258545,0.024891763925552368,40.0
441,1.2648556232452393,0.024435322731733322,41.0
442,1.2230483293533325,-0.001314973458647728,42.0
443,1.2003655433654785,0.014583569951355457,43.0
444,1.1527117490768433,0.009574556723237038,44.0
445,1.1003021001815796,0.006006728857755661,45.0
446,1.0950738191604614,0.0058435313403606415,46.0
447,1.0554739236831665,0.001064978539943695,47.0
448,1.0397241115570068,0.014704814180731773,48.0
449,0.9945980906486511,0.004033830016851425,49.0
450,0.9366206526756287,-0.0028098411858081818,50.0
451,0.9499296545982361,-0.010894614271819592,51.0
452,0.8665956854820251,0.018903642892837524,52.0
453,0.8309051394462585,0.00618949718773365,53.0
454,0.811059296131134,0.00882052630186081,54.0
455,0.7360979318618774,-0.008670534938573837,55.0
456,0.7133990526199341,0.02499646693468094,56.0
457,0.6795637011528015,-0.008387390524148941,57.0
458,0.6252229809761047,0.022425714880228043,58.0
459,0.5998774766921997,0.007335776463150978,59.0
460,0.5897328853607178,-0.009593712165951729,60.0
461,0.4902346134185791,0.023203527554869652,61.0
462,0.47067391872406006,0.03316504880785942,62.0
463,0.4412507712841034,0.04985225945711136,63.0
464,0.406329870223999,0.06596122682094574,64.0
465,0.36170318722724915,0.03641144931316376,65.0
466,0.31057652831077576,0.059400495141744614,66.0
467,0.27435487508773804,0.05553251504898071,67.0
468,0.2523270547389984,0.046212803572416306,68.0
469,0.15645459294319153,0.05462992191314697,69.0
470,0.1396571397781372,0.05828569084405899,70.0
471,0.09242895245552063,0.06316562741994858,71.0
472,0.02656867355108261,0.06822159886360168,72.0
473,0.012091785669326782,0.07478127628564835,73.0
474,-0.025022409856319427,0.06433405727148056,74.0
475,-0.06550551950931549,0.052542731165885925,75.0
476,-0.1140083372592926,0.04129067435860634,76.0
477,-0.15262585878372192,0.06727313250303268,77.0
478,-0.21991489827632904,0.055046986788511276,78.0
479,-0.23762276768684387,0.043731603771448135,79.0
480,-0.2810969948768616,0.03182455152273178,80.0
481,-0.3358965814113617,0.03650512173771858,81.0
482,-0.37872859835624695,0.04271593689918518,82.0
483,-0.38810965418815613,0.04413217678666115,83.0
484,-0.4501524865627289,0.042031846940517426,84.0
485,-0.48170560598373413,0.036426059901714325,85.0
486,-0.5267932415008545,0.03459447622299194,86.0
487,-0.5939059853553772,0.036400772631168365,87.0
488,-0.609342098236084,0.03305734694004059,88.0
489,-0.6358063817024231,0.046938903629779816,89.0
490,-0.6780296564102173,0.040974363684654236,90.0
491,-0.7211067080497742,0.04719381034374237,91.0
492,-0.7476637363433838,0.04248734563589096,92.0
493,-0.756636917591095,0.052882120013237,93.0
494,-0.8402961492538452,0.05445557460188866,94.0
495,-0.8546597361564636,0.05361885949969292,95.0
496,-0.8783114552497864,0.05527903512120247,96.0
497,-0.9151081442832947,0.052011243999004364,97.0
498,-0.9501287937164307,0.0645163282752037,98.0
499,-0.9594689011573792,0.05428224056959152,99.0
500,-0.9819065928459167,0.05353965610265732,100.0
501,-1.0260816812515259,0.06970629096031189,101.0
502,-1.096502423286438,0.04829423502087593,102.0
503,-1.101441502571106,0.040254659950733185,103.0
504,-1.0974680185317993,0.0440332405269146,104.0
505,-1.1417492628097534,0.029805071651935577,105.0
506,-1.1781991720199585,0.046529754996299744,106.0
507,-1.179837942123413,0.044891953468322754,107.0
508,-1.2159579992294312,0.03128150478005409,108.0
509,-1.2252182960510254,0.04157477617263794,109.0
510,-1.265463948249817,0.015432506799697876,110.0
511,-1.2876875400543213,0.009702559560537338,111.0
512,-1.280324935913086,-0.0009130114922299981,112.0
513,-1.3106814622879028,0.009339354932308197,113.0
514,-1.3263503313064575,0.011376755312085152,114.0
515,-1.3320945501327515,-0.02238529548048973,115.0
516,-1.3447316884994507,-0.0003736354410648346,116.0
517,-1.3692309856414795,-0.008390555158257484,117.0
518,-1.4030992984771729,-0.007919829338788986,118.0
519,-1.399445652961731,-0.015517180785536766,119.0
520,-1.42829430103302,-0.037056971341371536,120.0
521,-1.4085735082626343,-0.03434763848781586,121.0
522,-1.4538432359695435,-0.03259003907442093,122.0
523,-1.4404538869857788,-0.05109789967536926,123.0
524,-1.4410189390182495,-0.040297359228134155,124.0
525,-1.469382882118225,-0.0478246845304966,125.0
526,-1.4882678985595703,-0.031573377549648285,126.0
527,-1.4797877073287964,-0.04196091741323471,127.0
528,-1.5024892091751099,-0.05056579038500786,128.0
529,-1.4812824726104736,-0.03085096925497055,129.0
530,-1.5138310194015503,-0.040986575186252594,130.0
531,-1.5013020038604736,-0.03621271625161171,131.0
532,-1.5320171117782593,-0.03546207398176193,132.0
533,-1.5260897874832153,-0.03202767297625542,133.0
534,-1.516762137413025,-0.03381909430027008,134.0
535,-1.5246657133102417,-0.023027833551168442,135.0
536,-1.5178579092025757,-0.004017259459942579,136.0
537,-1.5155335664749146,-0.016742389649152756,137.0
538,-1.5303239822387695,-0.017021309584379196,138.0
539,-1.5354924201965332,-0.016346797347068787,139.0
540,-1.551579475402832,-0.013710325583815575,140.0
541,-1.5293262004852295,-0.015493635088205338,141.0
542,-1.5335394144058228,-0.0022042524069547653,142.0
543,-1.5373437404632568,0.0029210951179265976,143.0
544,-1.5386391878128052,-0.00130528025329113,144.0
545,-1.4972155094146729,0.0024300310760736465,145.0
546,-1.528354525566101,-0.0038875481113791466,146.0
547,-1.530691385269165,-0.0067222327925264835,147.0
548,-1.5475422143936157,0.002002209424972534,148.0
549,-1.515291452407837,0.003250492736697197,149.0
550,-1.5175416469573975,-0.003878999501466751,150.0
551,-1.5172717571258545,0.003370934631675482,151.0
552,-1.5023330450057983,0.0032747224904596806,152.0
553,-1.5081150531768799,0.0017460240051150322,153.0
554,-1.4507577419281006,-0.011536065489053726,154.0
555,-1.4637573957443237,-0.014128459617495537,155.0
556,-1.466619849205017,-0.010616467334330082,156.0
557,-1.4594297409057617,-0.008911998942494392,157.0
558,-1.4464976787567139,-0.007257716730237007,158.0
559,-1.4493157863616943,-0.02880694344639778,159.0
560,-1.3915635347366333,-0.013296233490109444,160.0
561,-1.3972828388214111,-0.030728116631507874,161.0
562,-1.3743153810501099,-0.03698039427399635,162.0
563,-1.3533692359924316,-0.044836316257715225,163.0
564,-1.3108693361282349,-0.036768630146980286,164.0
565,-1.3021444082260132,-0.048987921327352524,165.0
566,-1.2919336557388306,-0.043527573347091675,166.0
567,-1.2719132900238037,-0.03933867812156677,167.0
568,-1.248940348625183,-0.052692390978336334,168.0
569,-1.1820703744888306,-0.040951069444417953,169.0
570,-1.1927324533462524,-0.05519489943981171,170.0
571,-1.1679553985595703,-0.044464658945798874,171.0
572,-1.1278549432754517,-0.02368132770061493,172.0
573,-1.0806163549423218,-0.028205277398228645,173.0
574,-1.072258472442627,-0.039227038621902466,174.0
575,-1.0209881067276,-0.0386480912566185,175.0
576,-1.0080299377441406,-0.04138922691345215,176.0
577,-0.9495095610618591,-0.008786339312791824,177.0
578,-0.9206791520118713,-0.01635967195034027,178.0
579,-0.9047983288764954,-0.012203102931380272,179.0
580,-0.8768019676208496,-0.0006559453904628754,180.0
581,-0.8290635943412781,-0.0022016987204551697,181.0
582,-0.801044762134552,6.861891597509384e-05,182.0
583,-0.8094049692153931,0.013087708503007889,183.0
584,-0.7284819483757019,-0.004156835377216339,184.0
585,-0.7124814391136169,0.025289548560976982,185.0
586,-0.6917238831520081,0.028619728982448578,186.0
587,-0.6562866568565369,0.032118361443281174,187.0
588,-0.6245527267456055,0.026887323707342148,188.0
589,-0.6159161329269409,0.03455384820699692,189.0
590,-0.5770770311355591,0.023867035284638405,190.0
591,-0.5480573177337646,0.05321694537997246,191.0
592,-0.5186678171157837,0.048565372824668884,192.0
593,-0.48837295174598694,0.049090512096881866,193.0
594,-0.471743106842041,0.045088499784469604,194.0
595,-0.4566185474395752,0.03857363015413284,195.0
596,-0.3902272582054138,0.037890881299972534,196.0
597,-0.3416903614997864,0.028459887951612473,197.0
598,-0.3453737497329712,0.04247894138097763,198.0
599,-0.3097182810306549,0.017230264842510223,199.0
600,-0.3079470098018646,0.027541160583496094,200.0
601,-0.25988534092903137,0.021995363757014275,201.0
602,-0.23413588106632233,0.0030854265205562115,202.0
603,-0.18002350628376007,0.0017327279783785343,203.0
604,-0.21240761876106262,-0.0015401840209960938,204.0
605,-0.1541709303855896,-0.00822587963193655,205.0
606,-0.13199828565120697,-0.007541639730334282,206.0
607,-0.09192803502082825,-0.007834505289793015,207.0
608,-0.05663226544857025,-0.02663835883140564,208.0
609,-0.013963781297206879,-0.029669463634490967,209.0
610,0.0010700561106204987,-0.025384187698364258,210.0
611,0.05158248916268349,-0.026583943516016006,211.0
612,0.09673045575618744,-0.029832253232598305,212.0
613,0.11586904525756836,-0.023357868194580078,213.0
614,0.1557113528251648,-0.011029177345335484,214.0
615,0.21553894877433777,-0.0173747967928648,215.0
616,0.22345462441444397,-0.0040345750749111176,216.0
617,0.25194528698921204,0.009993910789489746,217.0
618,0.2944626212120056,0.0036135436967015266,218.0
619,0.32034650444984436,0.006809360347688198,219.0
620,0.3261769711971283,0.0090546365827322,220.0
621,0.3615558445453644,0.013830091804265976,221.0
622,0.4280080199241638,-0.003795776516199112,222.0
623,0.44214513897895813,0.02007833868265152,223.0
624,0.45345088839530945,0.027873460203409195,224.0
625,0.4759412705898285,0.029338562861084938,225.0
626,0.5010547637939453,0.03578975796699524,226.0
627,0.539404034614563,0.029251087456941605,227.0
628,0.5705375075340271,0.05480615794658661,228.0
629,0.6016212105751038,0.05074457824230194,229.0
630,0.6125356554985046,0.04604889824986458,230.0
631,0.6120266318321228,0.04553879797458649,231.0
632,0.6520563960075378,0.043263934552669525,232.0
633,0.6904205679893494,0.05214891582727432,233.0
634,0.7345403432846069,0.03181081265211105,234.0
635,0.7468258142471313,0.03567122668027878,235.0
636,0.7552266120910645,0.03383360803127289,236.0
637,0.794078528881073,0.020978212356567383,237.0
638,0.8058785796165466,0.019445404410362244,238.0
639,0.8324630856513977,0.010806705802679062,239.0
640,0.8346134424209595,0.001403297297656536,240.0
641,0.8465766906738281,0.0003352407366037369,241.0
642,0.8876072764396667,0.0009574554860591888,242.0
643,0.9121927618980408,-0.01752006635069847,243.0
644,0.9156582951545715,-0.018440810963511467,244.0
645,0.9556626081466675,-0.031664859503507614,245.0
646,0.9650811553001404,-0.0306573323905468,246.0
647,1.0031222105026245,-0.05521395057439804,247.0
648,1.0051727294921875,-0.049325086176395416,248.0
649,1.0370455980300903,-0.04664777219295502,249.0
650,1.0305272340774536,-0.06412632763385773,250.0
651,1.0284425020217896,-0.06429091095924377,251.0
652,1.0639052391052246,-0.0641164630651474,252.0
653,1.0697842836380005,-0.06470558792352676,253.0
654,1.0797945261001587,-0.07116056978702545,254.0
655,1.1236954927444458,-0.06746214628219604,255.0
656,1.1309809684753418,-0.07593699544668198,256.0
657,1.1295336484909058,-0.07576939463615417,257.0
658,1.159675121307373,-0.057643353939056396,258.0
659,1.1743786334991455,-0.04949214681982994,259.0
660,1.1867198944091797,-0.05237417295575142,260.0
661,1.1628340482711792,-0.04622978717088699,261.0
662,1.2213143110275269,-0.04771173745393753,262.0
663,1.2084598541259766,-0.039588578045368195,263.0
664,1.179368019104004,-0.04374777525663376,264.0
665,1.1992690563201904,-0.014053422957658768,265.0
666,1.2043461799621582,-0.012208282947540283,266.0
667,1.1807185411453247,-0.006717082113027573,267.0
668,1.2101386785507202,0.0040172673761844635,268.0
669,1.1942293643951416,0.012392105534672737,269.0
670,1.1993370056152344,0.03311806917190552,270.0
671,1.1998262405395508,0.038556139916181564,271.0
672,1.2285860776901245,0.04155405983328819,272.0
673,1.1696200370788574,0.05914059653878212,273.0
674,1.181842565536499,0.06704965233802795,274.0
675,1.2040101289749146,0.06206034868955612,275.0
676,1.2072645425796509,0.06364142149686813,276.0
677,1.2243869304656982,0.08477873355150223,277.0
678,1.2039811611175537,0.07459026575088501,278.0
679,1.2339128255844116,0.08955347537994385,279.0
680,1.2263437509536743,0.0809478908777237,280.0
681,1.2358077764511108,0.087382011115551,281.0
682,1.2346217632293701,0.08318639546632767,282.0
683,1.2779754400253296,0.07907743752002716,283.0
684,1.2632489204406738,0.09015761315822601,284.0
685,1.2786794900894165,0.07505182176828384,285.0
686,1.3161125183105469,0.07249555736780167,286.0
687,1.2661538124084473,0.06968497484922409,287.0
688,1.2707377672195435,0.0719689279794693,288.0
689,1.3209799528121948,0.06656057387590408,289.0
690,1.3288962841033936,0.05799366533756256,290.0
691,1.2944940328598022,0.04658990353345871,291.0
692,1.3115378618240356,0.0472005158662796,292.0
693,1.2965868711471558,0.0314922109246254,293.0
694,1.2871925830841064,0.033200979232788086,294.0
695,1.294589638710022,0.03116527944803238,295.0
696,1.2735008001327515,0.018291570246219635,296.0
697,1.2749783992767334,0.019895989447832108,297.0
698,1.282562255859375,0.013541166670620441,298.0
699,1.2080714702606201,0.002088031731545925,299.0
700,1.2439208030700684,-0.00245602335780859,300.0
701,1.2348028421401978,-0.01712985895574093,301.0
702,1.197001338005066,-0.0031741224229335785,302.0
703,1.2174415588378906,-0.01131969690322876,303.0
704,1.1857281923294067,-0.01122470572590828,304.0
705,1.1502288579940796,-0.03543412312865257,305.0
706,1.1284019947052002,-0.030280550941824913,306.0
707,1.091833472251892,-0.02677171863615513,307.0
708,1.1034528017044067,-0.022994518280029297,308.0
709,1.0790736675262451,-0.04266589134931564,309.0
710,1.0514888763427734,-0.037441156804561615,310.0
711,1.0040655136108398,-0.03171101585030556,311.0
712,1.04246985912323,-0.036239441484212875,312.0
713,0.988726794719696,-0.03915242850780487,313.0
714,0.9910686612129211,-0.034277353435754776,314.0
715,0.9466503262519836,-0.047413699328899384,315.0
716,0.9110466241836548,-0.024897146970033646,316.0
717,0.8879396319389343,-0.02785644680261612,317.0
718,0.8938397765159607,-0.0271579809486866,318.0
719,0.8872112035751343,-0.02080192230641842,319.0
720,0.8737307190895081,-0.019984861835837364,320.0
721,0.8445016741752625,-0.0023605506867170334,321.0
722,0.8418136835098267,-0.014336787164211273,322.0
723,0.8132944703102112,0.0034239403903484344,323.0
724,0.7701892256736755,0.006171882152557373,324.0
725,0.7984727621078491,0.005191123578697443,325.0
726,0.7622649669647217,0.022137343883514404,326.0
727,0.7406546473503113,0.02269173599779606,327.0
728,0.7539322376251221,0.021177809685468674,328.0
729,0.7032091021537781,0.03204173967242241,329.0
730,0.6841671466827393,0.03585590422153473,330.0
731,0.6645944118499756,0.02947460487484932,331.0
732,0.6199517250061035,0.037355948239564896,332.0
733,0.6177231073379517,0.04744742810726166,333.0
734,0.5772693753242493,0.046905744820833206,334.0
735,0.5264556407928467,0.040466517210006714,335.0
736,0.5073808431625366,0.049140941351652145,336.0
737,0.458125501871109,0.05468461290001869,337.0
738,0.44267159700393677,0.05210118368268013,338.0
739,0.37726926803588867,0.04449823871254921,339.0
740,0.3526551127433777,0.0549912191927433,340.0
741,0.2904812693595886,0.0481078065931797,341.0
742,0.23431135714054108,0.04635130241513252,342.0
743,0.22597894072532654,0.04314406216144562,343.0
744,0.1569853127002716,0.037324510514736176,344.0
745,0.11365413665771484,0.031806834042072296,345.0
746,0.10134328901767731,0.02628103271126747,346.0
747,0.03803388774394989,0.025994818657636642,347.0
748,0.01750681921839714,0.013864791020751,348.0
749,-0.04468604549765587,0.011819306761026382,349.0
750,-0.04370362311601639,-0.00472528301179409,350.0
751,-0.1024598702788353,0.008935904130339622,351.0
752,-0.14665700495243073,-0.02161305397748947,352.0
753,-0.1818731278181076,-0.024913497269153595,353.0
754,-0.22685259580612183,-0.03632393851876259,354.0
755,-0.24060644209384918,-0.039933543652296066,355.0
756,-0.2940143644809723,-0.05358554795384407,356.0
757,-0.3481532037258148,-0.0701286792755127,357.0
758,-0.3506659269332886,-0.060394465923309326,358.0
759,-0.3750289976596832,-0.07471036911010742,359.0
760,-0.37939950823783875,-0.08739730715751648,360.0
761,-0.4532594084739685,-0.09461458027362823,361.0
762,-0.43078601360321045,-0.08910582959651947,362.0
763,-0.44488295912742615,-0.09583576768636703,363.0
764,-0.47492945194244385,-0.10321559756994247,364.0
765,-0.5008514523506165,-0.09282733500003815,365.0
766,-0.5749226212501526,-0.09948842972517014,366.0
767,-0.5841923952102661,-0.09498598426580429,367.0
768,-0.618800938129425,-0.08797748386859894,368.0
769,-0.6485080122947693,-0.08637943863868713,369.0
770,-0.6899005770683289,-0.08526840060949326,370.0
771,-0.712462306022644,-0.08358007669448853,371.0
772,-0.7277800440788269,-0.07264946401119232,372.0
773,-0.8144415020942688,-0.06459537148475647,373.0
774,-0.8244104385375977,-0.049939922988414764,374.0
775,-0.8432977199554443,-0.051972515881061554,375.0
776,-0.8736228346824646,-0.03667709231376648,376.0
777,-0.9029411673545837,-0.03568640351295471,377.0
778,-0.9677463173866272,-0.024196108803153038,378.0
779,-1.00398850440979,-0.020149320363998413,379.0
780,-1.0516738891601562,0.008040696382522583,380.0
781,-1.062735676765442,0.01645633950829506,381.0
782,-1.0932247638702393,0.016791105270385742,382.0
783,-1.0996177196502686,0.03089212067425251,383.0
784,-1.1131007671356201,0.04121271148324013,384.0
785,-1.156599521636963,0.04505510255694389,385.0
786,-1.14089834690094,0.04852971434593201,386.0
787,-1.17876136302948,0.0642908439040184,387.0
788,-1.1745786666870117,0.06461144983768463,388.0
789,-1.130027413368225,0.07029193639755249,389.0
790,-1.1769299507141113,0.06571722775697708,390.0
791,-1.1656944751739502,0.0827217549085617,391.0
792,-1.1830466985702515,0.066123366355896,392.0
793,-1.1443606615066528,0.0626978650689125,393.0
794,-1.139480710029602,0.05506423860788345,394.0
795,-1.0855865478515625,0.0730941966176033,395.0
796,-1.0936987400054932,0.06540542840957642,396.0
797,-1.0757019519805908,0.05445846915245056,397.0
798,-1.034462809562683,0.05792766064405441,398.0
799,-1.0337451696395874,0.03516843169927597,399.0
800,-1.0205798149108887,0.04109223186969757,400.0
